,First component,Second component,SOC,Label,Occupation Category
0,-5.8466263,34.5164,11-1011.00,11,Management
1,-34.574436,6.050473,11-1011.03,11,Management
2,-6.5280085,11.733335,11-1021.00,11,Management
3,-12.199596,28.044834,11-2011.00,11,Management
4,-11.712007,28.216202,11-2021.00,11,Management
5,-10.604604,28.683279,11-2022.00,11,Management
6,-10.42799,26.494152,11-2031.00,11,Management
7,-5.9183493,12.507301,11-3011.00,11,Management
8,-22.0135,12.6221,11-3021.00,11,Management
9,0.33606723,15.3538,11-3031.01,11,Management
10,-0.1194929,16.000435,11-3031.02,11,Management
11,-10.549265,3.9352376,11-3051.00,11,Management
12,-11.512903,1.1661925,11-3051.01,11,Management
13,-13.801883,2.8000853,11-3051.02,11,Management
14,-12.959897,0.014547457,11-3051.03,11,Management
15,-14.008698,2.9212308,11-3051.04,11,Management
16,-13.935842,3.8020842,11-3051.06,11,Management
17,-9.299446,15.475808,11-3061.00,11,Management
18,-9.570997,12.577784,11-3071.01,11,Management
19,-8.341167,11.548491,11-3071.02,11,Management
20,-9.668459,13.53767,11-3071.03,11,Management
21,-1.5855314,17.582487,11-3111.00,11,Management
22,-6.2206807,35.989784,11-3121.00,11,Management
23,-7.324538,37.488968,11-3131.00,11,Management
24,-12.170408,-1.6416758,11-9013.01,11,Management
25,-14.644102,-3.9465733,11-9013.02,11,Management
26,-13.583505,-2.469977,11-9013.03,11,Management
27,-34.073357,0.5646152,11-9021.00,11,Management
28,-1.3651726,37.447193,11-9031.00,11,Management
29,-5.0940194,37.6356,11-9032.00,11,Management
30,-6.565065,36.962776,11-9033.00,11,Management
31,-10.856201,32.3155,11-9039.01,11,Management
32,3.365231,39.566765,11-9039.02,11,Management
33,-35.69057,-0.74683285,11-9041.00,11,Management
34,-28.041307,-18.372131,11-9041.01,11,Management
35,-3.401162,6.3696313,11-9051.00,11,Management
36,6.566729,36.72858,11-9061.00,11,Management
37,-4.844863,12.324326,11-9071.00,11,Management
38,-3.3418944,35.25932,11-9081.00,11,Management
39,-4.798081,16.090672,11-9111.00,11,Management
40,-33.804256,4.2128005,11-9121.00,11,Management
41,-33.905186,14.642308,11-9121.01,11,Management
42,-39.524555,-0.1292027,11-9121.02,11,Management
43,-7.074806,10.315949,11-9131.00,11,Management
44,-7.416102,18.597267,11-9141.00,11,Management
45,-5.141373,36.5116,11-9151.00,11,Management
46,3.7026606,28.325453,11-9161.00,11,Management
47,-32.720547,14.808517,11-9199.01,11,Management
48,-2.6745052,20.903063,11-9199.02,11,Management
49,1.7648952,16.064531,11-9199.03,11,Management
50,-10.335759,14.16231,11-9199.04,11,Management
51,4.647344,28.78401,11-9199.07,11,Management
52,4.3807287,29.589333,11-9199.08,11,Management
53,-12.37928,4.5814853,11-9199.09,11,Management
54,-34.110775,1.8751345,11-9199.10,11,Management
55,-34.76977,2.528709,11-9199.11,11,Management
56,-11.92889,24.987345,13-1011.00,13,Business and Financial Operations
57,-10.559948,11.251213,13-1021.00,13,Business and Financial Operations
58,-13.660882,20.392908,13-1022.00,13,Business and Financial Operations
59,-9.049506,15.031002,13-1023.00,13,Business and Financial Operations
60,8.02928,18.358032,13-1031.01,13,Business and Financial Operations
61,8.296903,19.327353,13-1031.02,13,Business and Financial Operations
62,16.043396,0.20638157,13-1032.00,13,Business and Financial Operations
63,-23.303013,-5.1050277,13-1041.01,13,Business and Financial Operations
64,11.292662,23.558617,13-1041.02,13,Business and Financial Operations
65,-1.058309,22.149681,13-1041.03,13,Business and Financial Operations
66,-19.51078,-9.191073,13-1041.04,13,Business and Financial Operations
67,15.788656,46.539604,13-1041.06,13,Business and Financial Operations
68,-32.329357,15.105234,13-1041.07,13,Business and Financial Operations
69,-34.095078,-2.1063385,13-1051.00,13,Business and Financial Operations
70,13.284565,11.631173,13-1071.00,13,Business and Financial Operations
71,23.790527,-14.582241,13-1074.00,13,Business and Financial Operations
72,-1.5615757,21.019083,13-1075.00,13,Business and Financial Operations
73,-10.313564,13.319753,13-1081.00,13,Business and Financial Operations
74,-35.778656,-3.1549244,13-1081.01,13,Business and Financial Operations
75,-13.537247,13.688949,13-1081.02,13,Business and Financial Operations
76,-8.958661,36.14501,13-1111.00,13,Business and Financial Operations
77,-4.5842586,30.767546,13-1121.00,13,Business and Financial Operations
78,-9.970664,25.904882,13-1131.00,13,Business and Financial Operations
79,-2.018445,18.886736,13-1141.00,13,Business and Financial Operations
80,-7.574124,38.185177,13-1151.00,13,Business and Financial Operations
81,-22.638084,20.783945,13-1161.00,13,Business and Financial Operations
82,-25.586605,-15.905147,13-1199.01,13,Business and Financial Operations
83,-31.84275,1.6402661,13-1199.02,13,Business and Financial Operations
84,-13.453943,12.545382,13-1199.03,13,Business and Financial Operations
85,-13.25357,15.058546,13-1199.04,13,Business and Financial Operations
86,-34.158,6.4488745,13-1199.05,13,Business and Financial Operations
87,-14.669438,21.828903,13-1199.06,13,Business and Financial Operations
88,3.524128,12.537839,13-2011.01,13,Business and Financial Operations
89,1.0801406,15.476389,13-2011.02,13,Business and Financial Operations
90,6.677888,6.021747,13-2021.01,13,Business and Financial Operations
91,6.34915,6.404107,13-2021.02,13,Business and Financial Operations
92,3.1100428,13.315188,13-2031.00,13,Business and Financial Operations
93,4.5843515,11.475552,13-2041.00,13,Business and Financial Operations
94,-22.910118,22.281092,13-2051.00,13,Business and Financial Operations
95,3.566635,16.765938,13-2052.00,13,Business and Financial Operations
96,6.413381,11.27448,13-2053.00,13,Business and Financial Operations
97,2.0626714,12.472082,13-2061.00,13,Business and Financial Operations
98,5.456548,18.091747,13-2071.00,13,Business and Financial Operations
99,8.539602,13.153465,13-2071.01,13,Business and Financial Operations
100,6.882556,13.741058,13-2072.00,13,Business and Financial Operations
101,7.938776,17.532373,13-2081.00,13,Business and Financial Operations
102,7.139691,11.967205,13-2082.00,13,Business and Financial Operations
103,-26.938982,21.319477,13-2099.01,13,Business and Financial Operations
104,-8.088722,16.05135,13-2099.02,13,Business and Financial Operations
105,-1.5249714,19.774134,13-2099.04,13,Business and Financial Operations
106,-26.95538,9.695403,15-1111.00,15,Computers and Math
107,-24.00195,13.177023,15-1121.00,15,Computers and Math
108,-8.513958,31.955027,15-1121.01,15,Computers and Math
109,-22.486765,11.440469,15-1122.00,15,Computers and Math
110,-24.849203,12.236285,15-1131.00,15,Computers and Math
111,-27.132793,14.5653305,15-1132.00,15,Computers and Math
112,-26.441666,12.269604,15-1133.00,15,Computers and Math
113,-24.920155,15.206933,15-1134.00,15,Computers and Math
114,-23.06084,11.4886465,15-1141.00,15,Computers and Math
115,-23.571478,10.350683,15-1142.00,15,Computers and Math
116,-27.638655,11.133831,15-1143.00,15,Computers and Math
117,-19.862875,-18.436571,15-1143.01,15,Computers and Math
118,-21.57482,9.481953,15-1151.00,15,Computers and Math
119,-22.448233,9.827426,15-1152.00,15,Computers and Math
120,-24.861832,13.897442,15-1199.01,15,Computers and Math
121,-25.366089,10.870328,15-1199.02,15,Computers and Math
122,-23.080193,15.027303,15-1199.03,15,Computers and Math
123,-28.829292,-3.832819,15-1199.04,15,Computers and Math
124,-28.952074,-5.3676853,15-1199.05,15,Computers and Math
125,-26.551968,14.428859,15-1199.06,15,Computers and Math
126,-26.183605,15.314748,15-1199.07,15,Computers and Math
127,-23.322512,18.870834,15-1199.08,15,Computers and Math
128,-10.01846,17.073421,15-1199.09,15,Computers and Math
129,-22.155233,18.367853,15-1199.10,15,Computers and Math
130,-20.409885,25.75281,15-1199.11,15,Computers and Math
131,-21.887844,14.449994,15-1199.12,15,Computers and Math
132,-25.872026,21.691082,15-2011.00,15,Computers and Math
133,-28.865088,20.721714,15-2021.00,15,Computers and Math
134,-28.401447,20.773592,15-2031.00,15,Computers and Math
135,-31.689056,19.494316,15-2041.00,15,Computers and Math
136,-32.259766,19.613962,15-2041.01,15,Computers and Math
137,-31.354437,16.148924,15-2041.02,15,Computers and Math
138,-40.452877,4.6852903,17-1011.00,17,Architechture and Engineering
139,-40.202248,4.762553,17-1012.00,17,Architechture and Engineering
140,-28.896547,-7.6379247,17-1021.00,17,Architechture and Engineering
141,-23.402836,-8.367021,17-1022.00,17,Architechture and Engineering
142,-24.545958,-8.505994,17-1022.01,17,Architechture and Engineering
143,-37.85351,-11.069986,17-2011.00,17,Architechture and Engineering
144,-43.99009,-7.5075526,17-2021.00,17,Architechture and Engineering
145,-42.06277,-9.676946,17-2031.00,17,Architechture and Engineering
146,-43.18728,-11.111427,17-2041.00,17,Architechture and Engineering
147,-37.131557,0.36567417,17-2051.00,17,Architechture and Engineering
148,-37.359505,1.3038667,17-2051.01,17,Architechture and Engineering
149,-39.033504,-15.194089,17-2061.00,17,Architechture and Engineering
150,-36.13499,-9.570565,17-2071.00,17,Architechture and Engineering
151,-37.40758,-7.9116845,17-2072.00,17,Architechture and Engineering
152,-25.096943,8.96197,17-2072.01,17,Architechture and Engineering
153,-39.733364,-0.64051545,17-2081.00,17,Architechture and Engineering
154,-38.933968,-1.3233385,17-2081.01,17,Architechture and Engineering
155,-18.101294,1.5560987,17-2111.01,17,Architechture and Engineering
156,-38.097603,-0.8259633,17-2111.02,17,Architechture and Engineering
157,-20.20121,1.3142257,17-2111.03,17,Architechture and Engineering
158,-35.388847,-8.043459,17-2112.00,17,Architechture and Engineering
159,-29.192083,4.3453865,17-2112.01,17,Architechture and Engineering
160,-40.894802,-6.924199,17-2121.01,17,Architechture and Engineering
161,-40.99576,-5.3395743,17-2121.02,17,Architechture and Engineering
162,-41.97499,-11.0507345,17-2131.00,17,Architechture and Engineering
163,-37.91973,-9.077035,17-2141.00,17,Architechture and Engineering
164,-41.099506,-13.6181755,17-2141.01,17,Architechture and Engineering
165,-39.039936,-6.2181864,17-2141.02,17,Architechture and Engineering
166,-37.545013,-3.4285243,17-2151.00,17,Architechture and Engineering
167,-40.501537,-1.8900051,17-2161.00,17,Architechture and Engineering
168,-37.75409,-2.8330686,17-2171.00,17,Architechture and Engineering
169,-43.945904,-8.498753,17-2199.01,17,Architechture and Engineering
170,-35.058315,-8.848815,17-2199.02,17,Architechture and Engineering
171,-36.732124,-1.0804331,17-2199.03,17,Architechture and Engineering
172,-40.47481,-7.919386,17-2199.04,17,Architechture and Engineering
173,-37.784256,-12.85651,17-2199.05,17,Architechture and Engineering
174,-39.188263,-12.822658,17-2199.06,17,Architechture and Engineering
175,-39.46156,-14.811574,17-2199.07,17,Architechture and Engineering
176,-40.14046,-9.222374,17-2199.08,17,Architechture and Engineering
177,-41.456966,-12.293283,17-2199.09,17,Architechture and Engineering
178,-35.863625,-6.0786667,17-2199.10,17,Architechture and Engineering
179,-26.669195,-15.482838,17-2199.11,17,Architechture and Engineering
180,-32.978348,-6.4362154,17-3011.01,17,Architechture and Engineering
181,-30.608974,-10.070691,17-3011.02,17,Architechture and Engineering
182,-4.8141937,-18.13566,17-3012.01,17,Architechture and Engineering
183,-30.944187,-9.904692,17-3012.02,17,Architechture and Engineering
184,-32.99698,-11.894817,17-3013.00,17,Architechture and Engineering
185,-23.535275,-23.053894,17-3021.00,17,Architechture and Engineering
186,-32.132698,-8.387224,17-3022.00,17,Architechture and Engineering
187,-25.9175,-24.28229,17-3023.01,17,Architechture and Engineering
188,-24.750992,-23.11165,17-3023.03,17,Architechture and Engineering
189,-22.195385,-37.330933,17-3024.00,17,Architechture and Engineering
190,-23.113363,-25.11615,17-3024.01,17,Architechture and Engineering
191,-25.219675,-17.305836,17-3025.00,17,Architechture and Engineering
192,-26.507318,-20.193024,17-3026.00,17,Architechture and Engineering
193,-27.00471,-21.962885,17-3027.00,17,Architechture and Engineering
194,-20.491423,-24.910887,17-3027.01,17,Architechture and Engineering
195,-24.33465,-17.628553,17-3029.01,17,Architechture and Engineering
196,-36.657074,-7.0585513,17-3029.02,17,Architechture and Engineering
197,-25.699972,-22.279459,17-3029.03,17,Architechture and Engineering
198,-23.186739,-27.19519,17-3029.04,17,Architechture and Engineering
199,-35.414967,-11.717827,17-3029.05,17,Architechture and Engineering
200,-40.386604,-8.332996,17-3029.06,17,Architechture and Engineering
201,-21.726727,-23.644423,17-3029.07,17,Architechture and Engineering
202,-26.378384,-24.20172,17-3029.08,17,Architechture and Engineering
203,-19.710445,-25.030699,17-3029.09,17,Architechture and Engineering
204,-41.2249,-14.6246395,17-3029.11,17,Architechture and Engineering
205,-27.517303,-24.31273,17-3029.12,17,Architechture and Engineering
206,-23.661694,-9.143735,17-3031.01,17,Architechture and Engineering
207,-28.717093,-8.169996,17-3031.02,17,Architechture and Engineering
208,-24.98217,0.3262578,19-1011.00,19,"Life, Physical, and Social Science"
209,-44.762417,-8.594232,19-1012.00,19,"Life, Physical, and Social Science"
210,-24.928083,-0.5332241,19-1013.00,19,"Life, Physical, and Social Science"
211,-24.024227,-3.2180178,19-1020.01,19,"Life, Physical, and Social Science"
212,-40.433647,17.811785,19-1021.00,19,"Life, Physical, and Social Science"
213,-39.147377,16.325602,19-1022.00,19,"Life, Physical, and Social Science"
214,-22.18233,-3.7547953,19-1023.00,19,"Life, Physical, and Social Science"
215,-39.316433,18.289005,19-1029.01,19,"Life, Physical, and Social Science"
216,-39.80741,17.212042,19-1029.02,19,"Life, Physical, and Social Science"
217,-37.249138,19.479713,19-1029.03,19,"Life, Physical, and Social Science"
218,-20.94913,-3.9933398,19-1031.01,19,"Life, Physical, and Social Science"
219,-20.32582,-4.118046,19-1031.02,19,"Life, Physical, and Social Science"
220,-1.3990937,41.039318,19-1031.03,19,"Life, Physical, and Social Science"
221,-21.139698,-5.117511,19-1032.00,19,"Life, Physical, and Social Science"
222,-36.18574,19.162203,19-1041.00,19,"Life, Physical, and Social Science"
223,-38.326847,19.680256,19-1042.00,19,"Life, Physical, and Social Science"
224,-44.822,-14.068287,19-2011.00,19,"Life, Physical, and Social Science"
225,-44.30692,-13.799093,19-2012.00,19,"Life, Physical, and Social Science"
226,-28.930664,-2.4625702,19-2021.00,19,"Life, Physical, and Social Science"
227,-27.42106,-18.550179,19-2031.00,19,"Life, Physical, and Social Science"
228,-42.107906,-12.184058,19-2032.00,19,"Life, Physical, and Social Science"
229,-23.76908,-3.960769,19-2041.00,19,"Life, Physical, and Social Science"
230,-32.66629,8.238686,19-2041.01,19,"Life, Physical, and Social Science"
231,-22.273624,-2.970038,19-2041.02,19,"Life, Physical, and Social Science"
232,-33.15201,7.250299,19-2041.03,19,"Life, Physical, and Social Science"
233,-26.65055,-2.752239,19-2042.00,19,"Life, Physical, and Social Science"
234,-26.740646,-3.3799279,19-2043.00,19,"Life, Physical, and Social Science"
235,-28.32928,-3.5962124,19-2099.01,19,"Life, Physical, and Social Science"
236,-28.101685,25.135847,19-3011.00,19,"Life, Physical, and Social Science"
237,-28.364002,24.769045,19-3011.01,19,"Life, Physical, and Social Science"
238,-23.042963,20.387495,19-3022.00,19,"Life, Physical, and Social Science"
239,3.4739716,50.50454,19-3031.01,19,"Life, Physical, and Social Science"
240,5.511877,51.79631,19-3031.02,19,"Life, Physical, and Social Science"
241,6.2331557,51.25993,19-3031.03,19,"Life, Physical, and Social Science"
242,-7.9032497,35.770287,19-3032.00,19,"Life, Physical, and Social Science"
243,11.748682,55.877525,19-3039.01,19,"Life, Physical, and Social Science"
244,-16.801163,47.23918,19-3041.00,19,"Life, Physical, and Social Science"
245,-36.411762,6.4875712,19-3051.00,19,"Life, Physical, and Social Science"
246,-17.164143,44.5527,19-3091.01,19,"Life, Physical, and Social Science"
247,-17.16009,43.05835,19-3091.02,19,"Life, Physical, and Social Science"
248,-18.10317,44.732265,19-3092.00,19,"Life, Physical, and Social Science"
249,-19.619629,39.53396,19-3093.00,19,"Life, Physical, and Social Science"
250,-17.816982,48.06483,19-3094.00,19,"Life, Physical, and Social Science"
251,-37.01296,2.8607004,19-3099.01,19,"Life, Physical, and Social Science"
252,-18.49212,-2.4203234,19-4011.01,19,"Life, Physical, and Social Science"
253,-12.411134,-9.878915,19-4011.02,19,"Life, Physical, and Social Science"
254,2.6636603,-5.7248216,19-4021.00,19,"Life, Physical, and Social Science"
255,12.446811,-54.129707,19-4031.00,19,"Life, Physical, and Social Science"
256,-29.429565,-10.97109,19-4041.01,19,"Life, Physical, and Social Science"
257,-29.487146,-23.997835,19-4041.02,19,"Life, Physical, and Social Science"
258,-31.814924,-29.460579,19-4051.01,19,"Life, Physical, and Social Science"
259,-31.650095,-28.566572,19-4051.02,19,"Life, Physical, and Social Science"
260,14.679223,14.089111,19-4061.00,19,"Life, Physical, and Social Science"
261,-36.9937,5.2346044,19-4061.01,19,"Life, Physical, and Social Science"
262,-22.911594,-5.8837075,19-4091.00,19,"Life, Physical, and Social Science"
263,13.619663,23.640669,19-4092.00,19,"Life, Physical, and Social Science"
264,-19.054821,-5.401418,19-4093.00,19,"Life, Physical, and Social Science"
265,-12.450373,-10.056889,19-4099.01,19,"Life, Physical, and Social Science"
266,-24.883516,-5.8368235,19-4099.02,19,"Life, Physical, and Social Science"
267,-28.832624,-6.948865,19-4099.03,19,"Life, Physical, and Social Science"
268,6.0578966,48.484753,21-1011.00,21,Community and Social Services
269,3.5825589,48.65374,21-1012.00,21,Community and Social Services
270,6.6985135,50.758686,21-1013.00,21,Community and Social Services
271,4.972353,50.0313,21-1014.00,21,Community and Social Services
272,5.349235,46.907246,21-1015.00,21,Community and Social Services
273,7.235649,47.161823,21-1021.00,21,Community and Social Services
274,5.1224513,49.056973,21-1022.00,21,Community and Social Services
275,5.6319757,49.384945,21-1023.00,21,Community and Social Services
276,4.0132976,44.891937,21-1091.00,21,Community and Social Services
277,14.398805,39.39001,21-1092.00,21,Community and Social Services
278,14.644307,40.82921,21-1093.00,21,Community and Social Services
279,6.1210513,42.42699,21-1094.00,21,Community and Social Services
280,-3.9516459,49.231026,21-2011.00,21,Community and Social Services
281,-3.7944622,49.249535,21-2021.00,21,Community and Social Services
282,-0.48284507,21.132195,23-1011.00,23,Legal
283,21.399916,16.381876,23-1012.00,23,Legal
284,1.8697345,22.205757,23-1021.00,23,Legal
285,0.664127,23.059946,23-1022.00,23,Legal
286,1.562652,22.588245,23-1023.00,23,Legal
287,20.937044,14.953241,23-2011.00,23,Legal
288,17.496078,15.786581,23-2091.00,23,Legal
289,23.389282,13.001677,23-2093.00,23,Legal
290,-9.93739,36.777016,25-1011.00,25,"Education, Training, and Library"
291,-11.180831,34.835625,25-1021.00,25,"Education, Training, and Library"
292,-33.436573,21.913774,25-1022.00,25,"Education, Training, and Library"
293,-14.163408,40.15338,25-1031.00,25,"Education, Training, and Library"
294,-43.858166,-2.9350505,25-1032.00,25,"Education, Training, and Library"
295,-34.89894,30.024446,25-1041.00,25,"Education, Training, and Library"
296,-37.3983,24.562765,25-1042.00,25,"Education, Training, and Library"
297,-37.16039,26.295458,25-1043.00,25,"Education, Training, and Library"
298,-36.42826,24.423946,25-1051.00,25,"Education, Training, and Library"
299,-36.628246,23.402225,25-1052.00,25,"Education, Training, and Library"
300,-36.76468,25.147367,25-1053.00,25,"Education, Training, and Library"
301,-35.69975,23.064148,25-1054.00,25,"Education, Training, and Library"
302,-15.1808405,45.391792,25-1061.00,25,"Education, Training, and Library"
303,-13.973735,48.319126,25-1062.00,25,"Education, Training, and Library"
304,-27.698383,26.014114,25-1063.00,25,"Education, Training, and Library"
305,-18.334969,45.918205,25-1064.00,25,"Education, Training, and Library"
306,-16.045313,47.476192,25-1065.00,25,"Education, Training, and Library"
307,-8.933046,46.363205,25-1066.00,25,"Education, Training, and Library"
308,-13.74727,46.34583,25-1067.00,25,"Education, Training, and Library"
309,-5.5434585,45.17733,25-1071.00,25,"Education, Training, and Library"
310,12.479917,52.143234,25-1072.00,25,"Education, Training, and Library"
311,-10.438354,45.401028,25-1081.00,25,"Education, Training, and Library"
312,-11.019744,45.20808,25-1082.00,25,"Education, Training, and Library"
313,-7.660471,42.92442,25-1111.00,25,"Education, Training, and Library"
314,-12.374657,45.201794,25-1112.00,25,"Education, Training, and Library"
315,-9.712841,46.29563,25-1113.00,25,"Education, Training, and Library"
316,-14.0227,41.51895,25-1121.00,25,"Education, Training, and Library"
317,-12.376633,47.627224,25-1122.00,25,"Education, Training, and Library"
318,-13.249617,47.881023,25-1123.00,25,"Education, Training, and Library"
319,-14.148846,49.65735,25-1124.00,25,"Education, Training, and Library"
320,-14.67377,47.327225,25-1125.00,25,"Education, Training, and Library"
321,-15.242075,48.685482,25-1126.00,25,"Education, Training, and Library"
322,10.776653,36.34862,25-1191.00,25,"Education, Training, and Library"
323,-6.437539,43.23714,25-1192.00,25,"Education, Training, and Library"
324,-5.702258,44.734436,25-1193.00,25,"Education, Training, and Library"
325,-17.153406,4.154813,25-1194.00,25,"Education, Training, and Library"
326,10.618619,39.6672,25-2011.00,25,"Education, Training, and Library"
327,-1.569384,44.03477,25-2012.00,25,"Education, Training, and Library"
328,-0.8762838,44.30784,25-2021.00,25,"Education, Training, and Library"
329,-2.8294573,43.60102,25-2022.00,25,"Education, Training, and Library"
330,-2.390234,40.002827,25-2023.00,25,"Education, Training, and Library"
331,-3.5071988,43.082897,25-2031.00,25,"Education, Training, and Library"
332,-2.3185198,39.478745,25-2032.00,25,"Education, Training, and Library"
333,0.80653244,44.957817,25-2051.00,25,"Education, Training, and Library"
334,-0.42729193,45.364323,25-2052.00,25,"Education, Training, and Library"
335,-1.5027734,45.164536,25-2053.00,25,"Education, Training, and Library"
336,-2.4949837,42.62596,25-2054.00,25,"Education, Training, and Library"
337,9.535191,41.435642,25-2059.01,25,"Education, Training, and Library"
338,11.27134,35.500694,25-3011.00,25,"Education, Training, and Library"
339,10.990519,38.44185,25-3021.00,25,"Education, Training, and Library"
340,11.19415,35.511814,25-3099.02,25,"Education, Training, and Library"
341,-19.073736,39.417496,25-4011.00,25,"Education, Training, and Library"
342,-16.286789,41.791412,25-4012.00,25,"Education, Training, and Library"
343,-12.298489,-18.76701,25-4013.00,25,"Education, Training, and Library"
344,-5.119048,41.338757,25-4021.00,25,"Education, Training, and Library"
345,26.83465,2.4494035,25-4031.00,25,"Education, Training, and Library"
346,-15.9217005,-16.496603,25-9011.00,25,"Education, Training, and Library"
347,-34.72292,30.353628,25-9021.00,25,"Education, Training, and Library"
348,-5.870553,39.770096,25-9031.00,25,"Education, Training, and Library"
349,-10.823532,32.570366,25-9031.01,25,"Education, Training, and Library"
350,29.11908,-0.020217821,25-9041.00,25,"Education, Training, and Library"
351,-18.259514,26.429821,27-1011.00,27,"Arts, Design, Entertainment, and Media"
352,-5.829288,-22.18019,27-1012.00,27,"Arts, Design, Entertainment, and Media"
353,-9.86955,-16.555584,27-1013.00,27,"Arts, Design, Entertainment, and Media"
354,-19.213694,24.678125,27-1014.00,27,"Arts, Design, Entertainment, and Media"
355,-35.694317,-12.5323305,27-1021.00,27,"Arts, Design, Entertainment, and Media"
356,-7.4894843,-15.163451,27-1022.00,27,"Arts, Design, Entertainment, and Media"
357,16.672972,-6.639526,27-1023.00,27,"Arts, Design, Entertainment, and Media"
358,-18.799675,25.519056,27-1024.00,27,"Arts, Design, Entertainment, and Media"
359,-41.14414,5.5842104,27-1025.00,27,"Arts, Design, Entertainment, and Media"
360,16.627588,-6.2653003,27-1026.00,27,"Arts, Design, Entertainment, and Media"
361,-42.116848,6.5892806,27-1027.00,27,"Arts, Design, Entertainment, and Media"
362,9.898548,-2.647731,27-2011.00,27,"Arts, Design, Entertainment, and Media"
363,-14.371756,30.497526,27-2012.01,27,"Arts, Design, Entertainment, and Media"
364,-16.223747,28.604347,27-2012.02,27,"Arts, Design, Entertainment, and Media"
365,-12.804604,30.810287,27-2012.03,27,"Arts, Design, Entertainment, and Media"
366,-11.692078,25.554352,27-2012.04,27,"Arts, Design, Entertainment, and Media"
367,-15.92594,-18.960781,27-2012.05,27,"Arts, Design, Entertainment, and Media"
368,-5.537291,2.4178991,27-2021.00,27,"Arts, Design, Entertainment, and Media"
369,2.7781208,39.602165,27-2022.00,27,"Arts, Design, Entertainment, and Media"
370,29.79896,-2.9679205,27-2023.00,27,"Arts, Design, Entertainment, and Media"
371,11.459636,-4.911569,27-2031.00,27,"Arts, Design, Entertainment, and Media"
372,0.13790187,32.870586,27-2032.00,27,"Arts, Design, Entertainment, and Media"
373,-12.930107,41.672173,27-2041.01,27,"Arts, Design, Entertainment, and Media"
374,-17.38057,24.857327,27-2041.04,27,"Arts, Design, Entertainment, and Media"
375,11.065943,-3.426416,27-2042.01,27,"Arts, Design, Entertainment, and Media"
376,11.246649,-3.7849946,27-2042.02,27,"Arts, Design, Entertainment, and Media"
377,-16.316805,30.680546,27-3011.00,27,"Arts, Design, Entertainment, and Media"
378,13.430603,-2.005372,27-3012.00,27,"Arts, Design, Entertainment, and Media"
379,-15.052976,30.772991,27-3021.00,27,"Arts, Design, Entertainment, and Media"
380,-17.262426,30.863186,27-3022.00,27,"Arts, Design, Entertainment, and Media"
381,-13.619125,27.93872,27-3031.00,27,"Arts, Design, Entertainment, and Media"
382,-14.935474,28.28124,27-3041.00,27,"Arts, Design, Entertainment, and Media"
383,-5.3480062,-9.980237,27-3042.00,27,"Arts, Design, Entertainment, and Media"
384,-15.315225,26.063976,27-3043.04,27,"Arts, Design, Entertainment, and Media"
385,-20.030462,28.600195,27-3043.05,27,"Arts, Design, Entertainment, and Media"
386,-12.220289,50.961746,27-3091.00,27,"Arts, Design, Entertainment, and Media"
387,-14.695182,-17.381336,27-4011.00,27,"Arts, Design, Entertainment, and Media"
388,-25.377789,-28.297884,27-4012.00,27,"Arts, Design, Entertainment, and Media"
389,12.69442,28.51269,27-4013.00,27,"Arts, Design, Entertainment, and Media"
390,-14.284504,-16.977503,27-4014.00,27,"Arts, Design, Entertainment, and Media"
391,-9.877199,-14.895488,27-4021.00,27,"Arts, Design, Entertainment, and Media"
392,-14.78174,-19.265175,27-4031.00,27,"Arts, Design, Entertainment, and Media"
393,-15.017565,32.82257,27-4032.00,27,"Arts, Design, Entertainment, and Media"
394,18.156363,50.24713,29-1011.00,29,Healthcare Practitioner
395,24.29599,58.47397,29-1021.00,29,Healthcare Practitioner
396,21.170418,53.807686,29-1022.00,29,Healthcare Practitioner
397,24.0387,57.12405,29-1023.00,29,Healthcare Practitioner
398,24.060705,53.56978,29-1024.00,29,Healthcare Practitioner
399,12.439131,59.494896,29-1031.00,29,Healthcare Practitioner
400,23.168577,57.10608,29-1041.00,29,Healthcare Practitioner
401,17.502306,57.446995,29-1051.00,29,Healthcare Practitioner
402,20.22697,58.57735,29-1061.00,29,Healthcare Practitioner
403,12.878542,55.233635,29-1062.00,29,Healthcare Practitioner
404,14.532694,57.014977,29-1063.00,29,Healthcare Practitioner
405,19.615328,53.397804,29-1064.00,29,Healthcare Practitioner
406,14.346225,55.70385,29-1065.00,29,Healthcare Practitioner
407,10.382831,54.001827,29-1066.00,29,Healthcare Practitioner
408,20.729239,54.14837,29-1067.00,29,Healthcare Practitioner
409,14.245208,58.384,29-1069.01,29,Healthcare Practitioner
410,18.571407,55.858917,29-1069.02,29,Healthcare Practitioner
411,15.906648,55.77693,29-1069.03,29,Healthcare Practitioner
412,13.133125,56.523483,29-1069.04,29,Healthcare Practitioner
413,22.309395,58.84424,29-1069.05,29,Healthcare Practitioner
414,21.470354,57.647507,29-1069.06,29,Healthcare Practitioner
415,21.413015,59.668663,29-1069.07,29,Healthcare Practitioner
416,18.871094,53.20562,29-1069.08,29,Healthcare Practitioner
417,14.4381275,58.950806,29-1069.09,29,Healthcare Practitioner
418,23.031004,58.81335,29-1069.10,29,Healthcare Practitioner
419,19.157476,59.100315,29-1069.11,29,Healthcare Practitioner
420,21.430002,52.33689,29-1069.12,29,Healthcare Practitioner
421,15.24403,54.61903,29-1071.00,29,Healthcare Practitioner
422,27.867542,45.626816,29-1071.01,29,Healthcare Practitioner
423,21.926092,56.93791,29-1081.00,29,Healthcare Practitioner
424,13.9041605,48.73217,29-1122.00,29,Healthcare Practitioner
425,11.081033,40.810642,29-1122.01,29,Healthcare Practitioner
426,16.4162,49.78541,29-1123.00,29,Healthcare Practitioner
427,26.292427,44.683426,29-1124.00,29,Healthcare Practitioner
428,7.0665236,42.597237,29-1125.00,29,Healthcare Practitioner
429,7.8286104,44.971546,29-1125.01,29,Healthcare Practitioner
430,7.8021345,44.52342,29-1125.02,29,Healthcare Practitioner
431,26.454205,45.82785,29-1126.00,29,Healthcare Practitioner
432,11.950508,44.62299,29-1127.00,29,Healthcare Practitioner
433,20.293446,43.94459,29-1128.00,29,Healthcare Practitioner
434,19.670105,56.081596,29-1131.00,29,Healthcare Practitioner
435,15.83479,51.811718,29-1141.00,29,Healthcare Practitioner
436,15.136556,52.459835,29-1141.01,29,Healthcare Practitioner
437,10.575061,52.766945,29-1141.02,29,Healthcare Practitioner
438,16.349333,52.545063,29-1141.03,29,Healthcare Practitioner
439,13.407027,52.125298,29-1141.04,29,Healthcare Practitioner
440,21.686134,53.358147,29-1151.00,29,Healthcare Practitioner
441,15.414421,53.82511,29-1161.00,29,Healthcare Practitioner
442,14.555371,53.539448,29-1171.00,29,Healthcare Practitioner
443,21.584057,45.79375,29-1181.00,29,Healthcare Practitioner
444,18.39004,42.16296,29-1199.01,29,Healthcare Practitioner
445,11.872082,58.452705,29-1199.04,29,Healthcare Practitioner
446,19.028793,46.41975,29-1199.05,29,Healthcare Practitioner
447,28.868723,41.57974,29-2011.00,29,Healthcare Practitioner
448,3.3404417,-5.220409,29-2011.01,29,Healthcare Practitioner
449,4.2652617,-5.5760784,29-2011.02,29,Healthcare Practitioner
450,3.9761715,-5.808632,29-2011.03,29,Healthcare Practitioner
451,29.171368,41.146908,29-2012.00,29,Healthcare Practitioner
452,24.510994,38.661263,29-2021.00,29,Healthcare Practitioner
453,25.925932,41.967884,29-2031.00,29,Healthcare Practitioner
454,25.294657,44.597794,29-2032.00,29,Healthcare Practitioner
455,25.931793,43.113636,29-2033.00,29,Healthcare Practitioner
456,24.519592,43.81862,29-2034.00,29,Healthcare Practitioner
457,24.801405,42.832558,29-2035.00,29,Healthcare Practitioner
458,-3.1396995,-3.871614,29-2041.00,29,Healthcare Practitioner
459,23.825655,-12.085216,29-2051.00,29,Healthcare Practitioner
460,25.802444,36.23046,29-2052.00,29,Healthcare Practitioner
461,15.291453,39.499012,29-2053.00,29,Healthcare Practitioner
462,24.973341,45.81277,29-2054.00,29,Healthcare Practitioner
463,26.994532,40.870197,29-2055.00,29,Healthcare Practitioner
464,27.568832,42.31943,29-2056.00,29,Healthcare Practitioner
465,26.806158,36.510674,29-2057.00,29,Healthcare Practitioner
466,15.50439,51.198944,29-2061.00,29,Healthcare Practitioner
467,19.236038,11.5782585,29-2071.00,29,Healthcare Practitioner
468,16.649893,-2.3720186,29-2081.00,29,Healthcare Practitioner
469,24.899826,53.149937,29-2091.00,29,Healthcare Practitioner
470,22.534842,47.84891,29-2092.00,29,Healthcare Practitioner
471,23.355608,44.07543,29-2099.01,29,Healthcare Practitioner
472,26.814005,37.09214,29-2099.05,29,Healthcare Practitioner
473,25.089293,41.394917,29-2099.06,29,Healthcare Practitioner
474,28.369284,44.21136,29-2099.07,29,Healthcare Practitioner
475,-18.756487,1.4559296,29-9011.00,29,Healthcare Practitioner
476,-19.14965,1.3033649,29-9012.00,29,Healthcare Practitioner
477,16.225983,48.842636,29-9091.00,29,Healthcare Practitioner
478,9.532073,55.9774,29-9092.00,29,Healthcare Practitioner
479,17.217276,51.023808,29-9099.01,29,Healthcare Practitioner
480,28.313711,-4.37528,31-1011.00,31,Healthcare Support
481,15.969601,37.853798,31-1013.00,31,Healthcare Support
482,19.924564,35.883347,31-1014.00,31,Healthcare Support
483,31.450668,-17.170195,31-1015.00,31,Healthcare Support
484,18.19967,40.945683,31-2011.00,31,Healthcare Support
485,21.261187,37.01691,31-2012.00,31,Healthcare Support
486,20.862452,42.644066,31-2021.00,31,Healthcare Support
487,21.306047,36.469906,31-2022.00,31,Healthcare Support
488,25.851984,-3.5748925,31-9011.00,31,Healthcare Support
489,25.234179,38.75161,31-9091.00,31,Healthcare Support
490,22.85044,41.78387,31-9092.00,31,Healthcare Support
491,27.359278,39.312817,31-9093.00,31,Healthcare Support
492,23.468943,15.417008,31-9094.00,31,Healthcare Support
493,23.845448,0.20357612,31-9095.00,31,Healthcare Support
494,24.260487,36.12915,31-9096.00,31,Healthcare Support
495,23.001915,40.790375,31-9097.00,31,Healthcare Support
496,11.6414385,43.75175,31-9099.01,31,Healthcare Support
497,26.303614,39.687065,31-9099.02,31,Healthcare Support
498,7.8507037,29.408749,33-1011.00,33,Protective Service
499,6.452605,28.593155,33-1012.00,33,Protective Service
500,-4.6340384,-3.6279585,33-1021.01,33,Protective Service
501,-5.6370716,-3.1821632,33-1021.02,33,Protective Service
502,-3.7073278,-4.454533,33-2011.01,33,Protective Service
503,-3.6479344,-5.2286935,33-2011.02,33,Protective Service
504,-19.565321,-10.141314,33-2021.01,33,Protective Service
505,-3.6894526,-2.547685,33-2021.02,33,Protective Service
506,-6.7592454,-2.772212,33-2022.00,33,Protective Service
507,30.821138,-6.2936897,33-3011.00,33,Protective Service
508,9.065577,29.250425,33-3012.00,33,Protective Service
509,7.704002,27.896082,33-3021.01,33,Protective Service
510,12.911469,23.679108,33-3021.02,33,Protective Service
511,7.2146263,27.812672,33-3021.03,33,Protective Service
512,9.987464,26.38313,33-3021.05,33,Protective Service
513,-3.9680789,22.734257,33-3021.06,33,Protective Service
514,6.575207,26.074923,33-3031.00,33,Protective Service
515,14.815417,-14.358547,33-3041.00,33,Protective Service
516,8.334028,27.342215,33-3051.01,33,Protective Service
517,9.050762,28.040699,33-3051.03,33,Protective Service
518,7.9018292,26.66788,33-3052.00,33,Protective Service
519,9.731423,31.276245,33-9011.00,33,Protective Service
520,10.275194,23.265047,33-9021.00,33,Protective Service
521,12.081323,3.5954463,33-9031.00,33,Protective Service
522,21.924799,-19.231754,33-9032.00,33,Protective Service
523,32.827084,-16.724161,33-9091.00,33,Protective Service
524,31.729006,-7.1452303,33-9092.00,33,Protective Service
525,31.238258,-5.034054,33-9093.00,33,Protective Service
526,8.198125,30.564154,33-9099.02,33,Protective Service
527,-3.7776368,6.734022,35-1011.00,35,Food Preparation
528,-2.743264,5.93223,35-1012.00,35,Food Preparation
529,32.54247,-28.684994,35-2011.00,35,Food Preparation
530,22.698917,-9.392723,35-2012.00,35,Food Preparation
531,21.300545,-9.041846,35-2013.00,35,Food Preparation
532,22.685759,-10.326045,35-2014.00,35,Food Preparation
533,23.633728,-10.883023,35-2015.00,35,Food Preparation
534,27.686964,-15.628489,35-2021.00,35,Food Preparation
535,22.619303,-4.885059,35-3011.00,35,Food Preparation
536,24.686031,-8.943929,35-3021.00,35,Food Preparation
537,24.745155,-9.888344,35-3022.00,35,Food Preparation
538,27.14118,-13.413177,35-3022.01,35,Food Preparation
539,25.909206,-11.042041,35-3031.00,35,Food Preparation
540,25.699108,-6.714749,35-3041.00,35,Food Preparation
541,28.38962,-16.07257,35-9011.00,35,Food Preparation
542,31.461954,-38.85644,35-9021.00,35,Food Preparation
543,27.847317,-12.418913,35-9031.00,35,Food Preparation
544,-3.911472,4.2643294,37-1011.00,37,Building and Grounds Cleaning and Maintenance
545,-7.4569654,2.6552043,37-1012.00,37,Building and Grounds Cleaning and Maintenance
546,29.118105,-31.271633,37-2011.00,37,Building and Grounds Cleaning and Maintenance
547,30.378122,-16.478006,37-2012.00,37,Building and Grounds Cleaning and Maintenance
548,6.330826,-21.867914,37-2021.00,37,Building and Grounds Cleaning and Maintenance
549,24.206598,-33.092983,37-3011.00,37,Building and Grounds Cleaning and Maintenance
550,15.044507,-29.137175,37-3012.00,37,Building and Grounds Cleaning and Maintenance
551,9.103855,-31.688663,37-3013.00,37,Building and Grounds Cleaning and Maintenance
552,11.135127,5.589842,39-1011.00,39,Personal Care and Service
553,20.367136,0.29385957,39-1012.00,39,Personal Care and Service
554,4.9681416,38.122326,39-1021.00,39,Personal Care and Service
555,2.9614422,36.21595,39-1021.01,39,Personal Care and Service
556,23.559753,-4.726765,39-2011.00,39,Personal Care and Service
557,26.15631,-5.45311,39-2021.00,39,Personal Care and Service
558,22.190327,-0.5964147,39-3011.00,39,Personal Care and Service
559,22.552382,0.089172706,39-3012.00,39,Personal Care and Service
560,10.123857,-26.68937,39-3021.00,39,Personal Care and Service
561,28.563595,-12.75252,39-3031.00,39,Personal Care and Service
562,29.169273,-13.393462,39-3091.00,39,Personal Care and Service
563,15.653396,-7.9620724,39-3092.00,39,Personal Care and Service
564,31.074432,-14.876539,39-3093.00,39,Personal Care and Service
565,21.370495,39.896927,39-4011.00,39,Personal Care and Service
566,29.400417,-8.806378,39-4021.00,39,Personal Care and Service
567,6.628838,36.62787,39-4031.00,39,Personal Care and Service
568,19.410212,-6.6755433,39-5011.00,39,Personal Care and Service
569,18.486069,-5.0427055,39-5012.00,39,Personal Care and Service
570,-9.374938,-14.484231,39-5091.00,39,Personal Care and Service
571,29.316816,-29.239635,39-5092.00,39,Personal Care and Service
572,30.298738,-15.644472,39-5093.00,39,Personal Care and Service
573,28.21944,33.70003,39-5094.00,39,Personal Care and Service
574,17.982899,-17.679613,39-6011.00,39,Personal Care and Service
575,-4.404953,28.524466,39-6012.00,39,Personal Care and Service
576,29.021265,1.1702265,39-7011.00,39,Personal Care and Service
577,-5.551021,27.432692,39-7012.00,39,Personal Care and Service
578,27.833742,-3.371095,39-9011.00,39,Personal Care and Service
579,15.7055025,36.332603,39-9011.01,39,Personal Care and Service
580,27.406708,-4.578417,39-9021.00,39,Personal Care and Service
581,21.53078,34.750744,39-9031.00,39,Personal Care and Service
582,7.051239,39.998486,39-9032.00,39,Personal Care and Service
583,6.0239835,40.21983,39-9041.00,39,Personal Care and Service
584,3.289131,35.184574,41-1011.00,41,Sales and Related
585,-3.4471529,14.338416,41-1012.00,41,Sales and Related
586,21.484718,-1.4142532,41-2011.00,41,Sales and Related
587,22.93983,2.2838783,41-2012.00,41,Sales and Related
588,18.593601,0.45146245,41-2021.00,41,Sales and Related
589,17.189644,0.113953084,41-2022.00,41,Sales and Related
590,19.63579,-1.6577718,41-2031.00,41,Sales and Related
591,-13.215429,22.99411,41-3011.00,41,Sales and Related
592,5.7189684,15.386493,41-3021.00,41,Sales and Related
593,3.47305,16.130861,41-3031.01,41,Sales and Related
594,5.4725337,18.94202,41-3031.02,41,Sales and Related
595,5.552576,10.500189,41-3031.03,41,Sales and Related
596,3.4910076,3.64186,41-3041.00,41,Sales and Related
597,4.463906,9.723775,41-3099.01,41,Sales and Related
598,-14.189927,19.683687,41-4011.00,41,Sales and Related
599,-16.120142,19.384865,41-4011.07,41,Sales and Related
600,-12.445296,21.303802,41-4012.00,41,Sales and Related
601,20.91931,-3.827696,41-9011.00,41,Sales and Related
602,33.504326,-31.563063,41-9012.00,41,Sales and Related
603,-7.5833106,20.685839,41-9021.00,41,Sales and Related
604,-7.713576,20.700872,41-9022.00,41,Sales and Related
605,-14.331116,19.004265,41-9031.00,41,Sales and Related
606,23.42201,7.6520233,41-9041.00,41,Sales and Related
607,23.239607,5.248047,41-9091.00,41,Sales and Related
608,-4.695127,13.912614,43-1011.00,43,Office and Administrative Support
609,19.786905,8.656062,43-2011.00,43,Office and Administrative Support
610,20.280987,7.535878,43-2021.00,43,Office and Administrative Support
611,9.866708,10.823801,43-3011.00,43,Office and Administrative Support
612,20.921028,10.800271,43-3021.01,43,Office and Administrative Support
613,21.30662,11.452629,43-3021.02,43,Office and Administrative Support
614,16.732515,12.761209,43-3031.00,43,Office and Administrative Support
615,22.329,0.9102243,43-3041.00,43,Office and Administrative Support
616,17.41528,12.8423605,43-3051.00,43,Office and Administrative Support
617,13.906512,9.135977,43-3061.00,43,Office and Administrative Support
618,19.107773,2.9303412,43-3071.00,43,Office and Administrative Support
619,7.546078,10.353026,43-4011.00,43,Office and Administrative Support
620,15.81067,11.541259,43-4021.00,43,Office and Administrative Support
621,22.483368,13.645499,43-4031.01,43,Office and Administrative Support
622,10.795107,16.684305,43-4031.02,43,Office and Administrative Support
623,17.649029,10.773539,43-4031.03,43,Office and Administrative Support
624,8.117225,16.384415,43-4041.01,43,Office and Administrative Support
625,23.974457,11.36578,43-4041.02,43,Office and Administrative Support
626,20.68413,9.398581,43-4051.00,43,Office and Administrative Support
627,10.517891,47.11782,43-4051.03,43,Office and Administrative Support
628,16.196718,8.241757,43-4061.00,43,Office and Administrative Support
629,16.08371,4.8051057,43-4071.00,43,Office and Administrative Support
630,18.334784,4.298023,43-4081.00,43,Office and Administrative Support
631,22.237268,8.367744,43-4111.00,43,Office and Administrative Support
632,27.09673,2.3043911,43-4121.00,43,Office and Administrative Support
633,8.99348,12.161479,43-4131.00,43,Office and Administrative Support
634,10.81124,13.329924,43-4141.00,43,Office and Administrative Support
635,16.879416,2.5706725,43-4151.00,43,Office and Administrative Support
636,14.375174,11.484014,43-4161.00,43,Office and Administrative Support
637,19.087975,9.644457,43-4171.00,43,Office and Administrative Support
638,17.99698,30.106838,43-4181.00,43,Office and Administrative Support
639,2.6838677,3.794148,43-5011.00,43,Office and Administrative Support
640,-13.036247,11.75291,43-5011.01,43,Office and Administrative Support
641,18.84241,-20.953472,43-5021.00,43,Office and Administrative Support
642,11.965886,28.497105,43-5031.00,43,Office and Administrative Support
643,-11.874996,11.844957,43-5032.00,43,Office and Administrative Support
644,11.25594,-24.043053,43-5041.00,43,Office and Administrative Support
645,18.405714,1.5601628,43-5051.00,43,Office and Administrative Support
646,18.673546,-18.775454,43-5052.00,43,Office and Administrative Support
647,31.260544,-33.637794,43-5053.00,43,Office and Administrative Support
648,-7.364253,5.310622,43-5061.00,43,Office and Administrative Support
649,9.629671,-23.820292,43-5071.00,43,Office and Administrative Support
650,32.37226,-32.273182,43-5081.01,43,Office and Administrative Support
651,34.5972,-34.720325,43-5081.02,43,Office and Administrative Support
652,32.759396,-34.328876,43-5081.03,43,Office and Administrative Support
653,33.791233,-34.56229,43-5081.04,43,Office and Administrative Support
654,8.120446,-23.62012,43-5111.00,43,Office and Administrative Support
655,15.617685,10.841066,43-6011.00,43,Office and Administrative Support
656,21.49168,14.426331,43-6012.00,43,Office and Administrative Support
657,16.890062,8.75367,43-6013.00,43,Office and Administrative Support
658,16.189028,9.825218,43-6014.00,43,Office and Administrative Support
659,-21.07337,10.949648,43-9011.00,43,Office and Administrative Support
660,16.195456,16.913794,43-9021.00,43,Office and Administrative Support
661,20.515688,13.286508,43-9022.00,43,Office and Administrative Support
662,-11.08682,-15.383282,43-9031.00,43,Office and Administrative Support
663,18.150143,12.143356,43-9041.01,43,Office and Administrative Support
664,22.487926,11.998967,43-9041.02,43,Office and Administrative Support
665,24.34239,-0.80846965,43-9051.00,43,Office and Administrative Support
666,18.172634,9.804078,43-9061.00,43,Office and Administrative Support
667,15.203484,-42.49767,43-9071.00,43,Office and Administrative Support
668,24.395172,15.199081,43-9081.00,43,Office and Administrative Support
669,-24.340427,19.483276,43-9111.00,43,Office and Administrative Support
670,-31.220488,17.968237,43-9111.01,43,Office and Administrative Support
671,3.4527814,-18.30372,45-1011.05,45,"Farming, Fishing, and Forestry"
672,-13.905107,-4.393704,45-1011.06,45,"Farming, Fishing, and Forestry"
673,-12.722142,-2.582691,45-1011.07,45,"Farming, Fishing, and Forestry"
674,-13.555565,-5.978587,45-1011.08,45,"Farming, Fishing, and Forestry"
675,-13.8778,-7.3900504,45-2011.00,45,"Farming, Fishing, and Forestry"
676,15.393748,-27.900509,45-2021.00,45,"Farming, Fishing, and Forestry"
677,32.561367,-38.10659,45-2041.00,45,"Farming, Fishing, and Forestry"
678,16.855324,-36.174984,45-2091.00,45,"Farming, Fishing, and Forestry"
679,28.306232,-38.138245,45-2092.01,45,"Farming, Fishing, and Forestry"
680,31.605059,-39.89829,45-2092.02,45,"Farming, Fishing, and Forestry"
681,17.72198,-29.557402,45-2093.00,45,"Farming, Fishing, and Forestry"
682,14.85954,-36.02479,45-3011.00,45,"Farming, Fishing, and Forestry"
683,18.432863,-28.848852,45-3021.00,45,"Farming, Fishing, and Forestry"
684,-18.716194,-5.9835076,45-4011.00,45,"Farming, Fishing, and Forestry"
685,25.06367,-47.233986,45-4021.00,45,"Farming, Fishing, and Forestry"
686,22.938654,-49.403397,45-4022.00,45,"Farming, Fishing, and Forestry"
687,7.64269,-23.625233,45-4023.00,45,"Farming, Fishing, and Forestry"
688,-9.011667,2.770208,47-1011.00,47,Construction and Extraction
689,-14.109642,-25.548635,47-1011.03,47,Construction and Extraction
690,-3.7274806,-49.190075,47-2011.00,47,Construction and Extraction
691,-0.727894,-47.049988,47-2021.00,47,Construction and Extraction
692,-4.081825,-46.95848,47-2022.00,47,Construction and Extraction
693,-2.3376377,-45.27813,47-2031.01,47,Construction and Extraction
694,-4.520471,-43.378685,47-2031.02,47,Construction and Extraction
695,-0.83578277,-45.359947,47-2041.00,47,Construction and Extraction
696,22.24654,-44.902718,47-2042.00,47,Construction and Extraction
697,22.29774,-40.491585,47-2043.00,47,Construction and Extraction
698,21.759956,-41.54712,47-2044.00,47,Construction and Extraction
699,18.132906,-39.50303,47-2051.00,47,Construction and Extraction
700,18.67682,-42.07926,47-2053.00,47,Construction and Extraction
701,25.91808,-39.01601,47-2061.00,47,Construction and Extraction
702,17.008944,-37.41075,47-2071.00,47,Construction and Extraction
703,10.540311,-35.45894,47-2072.00,47,Construction and Extraction
704,-2.417661,-36.751698,47-2073.00,47,Construction and Extraction
705,20.100346,-41.96768,47-2081.00,47,Construction and Extraction
706,28.17314,-41.459713,47-2082.00,47,Construction and Extraction
707,-16.156042,-31.166641,47-2111.00,47,Construction and Extraction
708,21.839527,-44.06496,47-2121.00,47,Construction and Extraction
709,21.28174,-43.274483,47-2131.00,47,Construction and Extraction
710,-1.4291326,-43.84744,47-2132.00,47,Construction and Extraction
711,-1.7161367,-41.886066,47-2141.00,47,Construction and Extraction
712,-0.0032257335,-43.825226,47-2142.00,47,Construction and Extraction
713,-4.307998,-41.121227,47-2151.00,47,Construction and Extraction
714,-5.045163,-44.88756,47-2152.01,47,Construction and Extraction
715,-5.591605,-44.11845,47-2152.02,47,Construction and Extraction
716,20.476185,-41.427715,47-2161.00,47,Construction and Extraction
717,-1.6173247,-46.355553,47-2171.00,47,Construction and Extraction
718,-1.4198104,-44.637207,47-2181.00,47,Construction and Extraction
719,1.0789479,-47.258667,47-2211.00,47,Construction and Extraction
720,-0.95294106,-48.970783,47-2221.00,47,Construction and Extraction
721,-6.5112624,-46.72371,47-2231.00,47,Construction and Extraction
722,24.425606,-42.142887,47-3011.00,47,Construction and Extraction
723,-4.481959,-42.103985,47-3012.00,47,Construction and Extraction
724,2.6414514,-43.8765,47-3013.00,47,Construction and Extraction
725,27.513273,-41.513554,47-3014.00,47,Construction and Extraction
726,19.726723,-43.501644,47-3015.00,47,Construction and Extraction
727,17.375387,-40.72635,47-3016.00,47,Construction and Extraction
728,-21.209314,-11.12028,47-4011.00,47,Construction and Extraction
729,-16.72986,-33.769043,47-4021.00,47,Construction and Extraction
730,-2.7907202,-41.858673,47-4031.00,47,Construction and Extraction
731,-11.794863,-29.535847,47-4041.00,47,Construction and Extraction
732,13.74973,-32.072006,47-4051.00,47,Construction and Extraction
733,12.352199,-32.554188,47-4061.00,47,Construction and Extraction
734,12.570723,-31.633139,47-4071.00,47,Construction and Extraction
735,12.1949,-36.603973,47-4091.00,47,Construction and Extraction
736,-18.410227,-32.41309,47-4099.02,47,Construction and Extraction
737,-11.311654,-30.786127,47-4099.03,47,Construction and Extraction
738,6.310252,-30.701782,47-5011.00,47,Construction and Extraction
739,4.986497,-30.424728,47-5012.00,47,Construction and Extraction
740,-11.698147,-32.655933,47-5013.00,47,Construction and Extraction
741,8.832119,-34.35706,47-5021.00,47,Construction and Extraction
742,-12.122697,-27.493017,47-5031.00,47,Construction and Extraction
743,8.961042,-33.675552,47-5041.00,47,Construction and Extraction
744,22.72259,-48.73911,47-5042.00,47,Construction and Extraction
745,18.911482,-33.45023,47-5051.00,47,Construction and Extraction
746,9.100151,-32.6814,47-5061.00,47,Construction and Extraction
747,18.041613,-37.687057,47-5071.00,47,Construction and Extraction
748,10.925784,-32.551105,47-5081.00,47,Construction and Extraction
749,-12.672124,3.1341286,49-1011.00,49,"Installation, Maintenance, and Repair"
750,-11.391328,-43.958584,49-2011.00,49,"Installation, Maintenance, and Repair"
751,-22.55692,-30.791573,49-2021.00,49,"Installation, Maintenance, and Repair"
752,-23.151066,-30.074749,49-2021.01,49,"Installation, Maintenance, and Repair"
753,-24.00088,-30.435335,49-2022.00,49,"Installation, Maintenance, and Repair"
754,-22.049908,-26.887775,49-2091.00,49,"Installation, Maintenance, and Repair"
755,-9.186287,-39.164288,49-2092.00,49,"Installation, Maintenance, and Repair"
756,-20.774876,-28.94015,49-2093.00,49,"Installation, Maintenance, and Repair"
757,-22.126467,-25.327961,49-2094.00,49,"Installation, Maintenance, and Repair"
758,-19.907183,-28.572489,49-2095.00,49,"Installation, Maintenance, and Repair"
759,-12.875851,-40.835533,49-2096.00,49,"Installation, Maintenance, and Repair"
760,-24.825134,-29.817635,49-2097.00,49,"Installation, Maintenance, and Repair"
761,-23.120857,-32.758488,49-2098.00,49,"Installation, Maintenance, and Repair"
762,-14.6760235,-36.856106,49-3011.00,49,"Installation, Maintenance, and Repair"
763,3.8335688,-47.722645,49-3021.00,49,"Installation, Maintenance, and Repair"
764,12.913213,-24.883438,49-3022.00,49,"Installation, Maintenance, and Repair"
765,-10.95362,-42.38541,49-3023.01,49,"Installation, Maintenance, and Repair"
766,-12.674883,-40.28739,49-3023.02,49,"Installation, Maintenance, and Repair"
767,-10.677038,-37.96242,49-3031.00,49,"Installation, Maintenance, and Repair"
768,-11.59183,-35.007122,49-3041.00,49,"Installation, Maintenance, and Repair"
769,-10.205925,-42.13178,49-3042.00,49,"Installation, Maintenance, and Repair"
770,12.880562,-33.454216,49-3043.00,49,"Installation, Maintenance, and Repair"
771,-11.248593,-36.754402,49-3051.00,49,"Installation, Maintenance, and Repair"
772,-11.640102,-39.971706,49-3052.00,49,"Installation, Maintenance, and Repair"
773,-10.16438,-36.262333,49-3053.00,49,"Installation, Maintenance, and Repair"
774,-17.583382,-35.53523,49-3091.00,49,"Installation, Maintenance, and Repair"
775,-8.517852,-44.475063,49-3092.00,49,"Installation, Maintenance, and Repair"
776,12.512399,-24.75179,49-3093.00,49,"Installation, Maintenance, and Repair"
777,-7.5251894,-45.080265,49-9011.00,49,"Installation, Maintenance, and Repair"
778,-7.5732374,-35.579796,49-9012.00,49,"Installation, Maintenance, and Repair"
779,-16.319336,-33.764923,49-9021.01,49,"Installation, Maintenance, and Repair"
780,-15.0252285,-33.825867,49-9021.02,49,"Installation, Maintenance, and Repair"
781,-13.86381,-39.5137,49-9031.00,49,"Installation, Maintenance, and Repair"
782,-6.714004,-38.97974,49-9041.00,49,"Installation, Maintenance, and Repair"
783,-5.2294097,-39.22915,49-9043.00,49,"Installation, Maintenance, and Repair"
784,-15.033613,-31.401175,49-9044.00,49,"Installation, Maintenance, and Repair"
785,24.82467,-41.16855,49-9045.00,49,"Installation, Maintenance, and Repair"
786,-5.1433907,-35.195717,49-9051.00,49,"Installation, Maintenance, and Repair"
787,-23.226353,-32.088253,49-9052.00,49,"Installation, Maintenance, and Repair"
788,-0.62148553,-25.075478,49-9061.00,49,"Installation, Maintenance, and Repair"
789,-20.661299,-26.231672,49-9062.00,49,"Installation, Maintenance, and Repair"
790,-5.6681733,-24.385468,49-9063.00,49,"Installation, Maintenance, and Repair"
791,-0.9707798,-24.203665,49-9064.00,49,"Installation, Maintenance, and Repair"
792,-5.704016,-36.042427,49-9071.00,49,"Installation, Maintenance, and Repair"
793,-7.9883575,-34.90793,49-9081.00,49,"Installation, Maintenance, and Repair"
794,11.416335,-25.973904,49-9091.00,49,"Installation, Maintenance, and Repair"
795,-14.591091,-31.917458,49-9092.00,49,"Installation, Maintenance, and Repair"
796,-0.75724816,-22.157667,49-9093.00,49,"Installation, Maintenance, and Repair"
797,-18.616375,-34.271275,49-9094.00,49,"Installation, Maintenance, and Repair"
798,-13.156771,-29.398575,49-9095.00,49,"Installation, Maintenance, and Repair"
799,-2.9638114,-40.265984,49-9096.00,49,"Installation, Maintenance, and Repair"
800,-9.241671,-41.66452,49-9097.00,49,"Installation, Maintenance, and Repair"
801,-7.310799,-36.626595,49-9098.00,49,"Installation, Maintenance, and Repair"
802,-18.13214,-28.661516,49-9099.01,49,"Installation, Maintenance, and Repair"
803,-9.57275,3.8981283,51-1011.00,51,Production
804,-13.119533,-35.602135,51-2011.00,51,Production
805,-0.561254,-40.718147,51-2021.00,51,Production
806,15.591477,-47.85838,51-2022.00,51,Production
807,11.713911,-44.495422,51-2023.00,51,Production
808,3.4947433,-45.625706,51-2031.00,51,Production
809,2.976493,-42.730907,51-2041.00,51,Production
810,1.0894368,-40.645542,51-2091.00,51,Production
811,-1.1146253,-39.31207,51-2092.00,51,Production
812,11.067706,-46.611702,51-2093.00,51,Production
813,22.203632,-11.105879,51-3011.00,51,Production
814,21.821106,-12.543838,51-3021.00,51,Production
815,17.754433,-25.970783,51-3022.00,51,Production
816,28.641829,-22.07794,51-3023.00,51,Production
817,23.911263,-28.827517,51-3091.00,51,Production
818,24.205254,-26.355001,51-3092.00,51,Production
819,24.306877,-25.842234,51-3093.00,51,Production
820,-14.790732,-44.293816,51-4011.00,51,Production
821,-27.715052,-22.501158,51-4012.00,51,Production
822,14.811898,-44.01544,51-4021.00,51,Production
823,0.31586516,-39.664543,51-4022.00,51,Production
824,2.3226533,-36.62194,51-4023.00,51,Production
825,13.363882,-46.705975,51-4031.00,51,Production
826,8.915939,-43.424984,51-4032.00,51,Production
827,14.278999,-45.154118,51-4033.00,51,Production
828,10.76425,-42.858494,51-4034.00,51,Production
829,13.310062,-44.060196,51-4035.00,51,Production
830,7.6180277,-47.081177,51-4041.00,51,Production
831,8.134786,-38.11483,51-4051.00,51,Production
832,17.994648,-35.28807,51-4052.00,51,Production
833,6.893175,-47.458607,51-4061.00,51,Production
834,8.826728,-46.133877,51-4062.00,51,Production
835,24.849,-35.40448,51-4071.00,51,Production
836,12.490328,-45.88169,51-4072.00,51,Production
837,13.427757,-41.41042,51-4081.00,51,Production
838,-4.4865456,-38.49624,51-4111.00,51,Production
839,2.2355902,-47.355167,51-4121.06,51,Production
840,29.99394,-36.136013,51-4121.07,51,Production
841,22.52619,-37.702698,51-4122.00,51,Production
842,7.688352,-39.5778,51-4191.00,51,Production
843,1.226915,-46.485626,51-4192.00,51,Production
844,0.09174268,-39.256878,51-4193.00,51,Production
845,7.4711137,-43.824078,51-4194.00,51,Production
846,-4.479886,-19.017452,51-5111.00,51,Production
847,14.645371,-47.142067,51-5112.00,51,Production
848,9.107027,-44.276318,51-5113.00,51,Production
849,29.018991,-30.608929,51-6011.00,51,Production
850,29.8169,-23.191177,51-6021.00,51,Production
851,29.686836,-35.24418,51-6031.00,51,Production
852,29.07125,-33.272293,51-6041.00,51,Production
853,20.831442,-26.126186,51-6042.00,51,Production
854,-2.0996516,-22.315474,51-6051.00,51,Production
855,18.800549,-7.362226,51-6052.00,51,Production
856,19.827248,-35.990986,51-6061.00,51,Production
857,12.391487,-48.464375,51-6062.00,51,Production
858,27.562698,-34.54345,51-6063.00,51,Production
859,22.195929,-34.7001,51-6064.00,51,Production
860,17.915161,-34.845554,51-6091.00,51,Production
861,-6.819121,-16.696054,51-6092.00,51,Production
862,18.387295,-46.149284,51-6093.00,51,Production
863,7.9701157,-49.49385,51-7011.00,51,Production
864,18.290817,-46.64255,51-7021.00,51,Production
865,2.3151176,-49.07258,51-7031.00,51,Production
866,9.765523,-48.171875,51-7032.00,51,Production
867,13.473085,-49.740845,51-7041.00,51,Production
868,13.057162,-47.379032,51-7042.00,51,Production
869,-31.98364,-28.622507,51-8011.00,51,Production
870,-20.515665,-14.027921,51-8012.00,51,Production
871,1.847687,-34.24664,51-8013.00,51,Production
872,2.140077,-34.699413,51-8021.00,51,Production
873,-6.4799004,-33.211025,51-8031.00,51,Production
874,2.8337872,-33.21368,51-8091.00,51,Production
875,-0.24412316,-32.71492,51-8092.00,51,Production
876,0.6803448,-33.042957,51-8093.00,51,Production
877,4.901015,-36.1619,51-8099.01,51,Production
878,4.03287,-34.769875,51-8099.03,51,Production
879,-8.746064,-33.651802,51-8099.04,51,Production
880,-5.473675,-30.709358,51-9011.00,51,Production
881,6.341344,-36.84136,51-9012.00,51,Production
882,5.93419,-36.931362,51-9021.00,51,Production
883,20.506561,-37.51429,51-9022.00,51,Production
884,-2.1751273,-32.678146,51-9023.00,51,Production
885,31.130487,-36.062256,51-9031.00,51,Production
886,14.577921,-44.856346,51-9032.00,51,Production
887,3.501302,-38.98835,51-9041.00,51,Production
888,19.604076,-34.96708,51-9051.00,51,Production
889,-2.6796787,-31.295458,51-9061.00,51,Production
890,-3.3916728,-24.189766,51-9071.01,51,Production
891,-2.768421,-23.279806,51-9071.06,51,Production
892,-2.1270397,-24.334986,51-9071.07,51,Production
893,-4.049377,-25.143751,51-9081.00,51,Production
894,-17.646774,-25.039648,51-9082.00,51,Production
895,2.1277122,-27.34392,51-9083.00,51,Production
896,18.476463,-31.4413,51-9111.00,51,Production
897,13.831985,-50.582,51-9121.00,51,Production
898,11.222869,-50.70278,51-9122.00,51,Production
899,31.060806,-37.157234,51-9123.00,51,Production
900,10.781823,-41.648933,51-9141.00,51,Production
901,3.9336321,-25.30445,51-9151.00,51,Production
902,9.22295,-39.43672,51-9191.00,51,Production
903,25.80771,-34.32937,51-9192.00,51,Production
904,4.976807,-38.464954,51-9193.00,51,Production
905,-3.8204634,-20.627542,51-9194.00,51,Production
906,19.86246,-39.715252,51-9195.03,51,Production
907,6.415421,-42.29846,51-9195.04,51,Production
908,-5.9713025,-22.198399,51-9195.05,51,Production
909,21.76284,-37.300556,51-9195.07,51,Production
910,13.00916,-43.323757,51-9196.00,51,Production
911,24.183352,-36.422485,51-9197.00,51,Production
912,26.77634,-37.33992,51-9198.00,51,Production
913,16.383331,-31.285904,51-9199.01,51,Production
914,-7.2069545,-1.6163208,53-1011.00,53,Transportation and Material Moving
915,-7.564193,7.462839,53-1021.00,53,Transportation and Material Moving
916,-6.9434266,7.926766,53-1021.01,53,Transportation and Material Moving
917,-8.042131,8.424707,53-1031.00,53,Transportation and Material Moving
918,2.7581263,-12.658213,53-2011.00,53,Transportation and Material Moving
919,2.4862175,-13.420086,53-2012.00,53,Transportation and Material Moving
920,1.105279,-13.184875,53-2021.00,53,Transportation and Material Moving
921,-18.97553,-11.273047,53-2022.00,53,Transportation and Material Moving
922,18.343906,30.867146,53-2031.00,53,Transportation and Material Moving
923,14.52033,-15.316804,53-3011.00,53,Transportation and Material Moving
924,14.272881,-17.638996,53-3021.00,53,Transportation and Material Moving
925,14.631527,-18.30064,53-3022.00,53,Transportation and Material Moving
926,20.77721,-13.550298,53-3031.00,53,Transportation and Material Moving
927,16.792345,-20.47822,53-3032.00,53,Transportation and Material Moving
928,17.713861,-19.736063,53-3033.00,53,Transportation and Material Moving
929,14.462489,-16.9648,53-3041.00,53,Transportation and Material Moving
930,9.15206,-17.471766,53-4011.00,53,Transportation and Material Moving
931,10.460469,-18.196466,53-4012.00,53,Transportation and Material Moving
932,8.640119,-17.206789,53-4013.00,53,Transportation and Material Moving
933,9.830599,-29.996937,53-4021.00,53,Transportation and Material Moving
934,6.449979,-16.151892,53-4031.00,53,Transportation and Material Moving
935,12.6290245,-17.44342,53-4041.00,53,Transportation and Material Moving
936,7.97089,-30.174173,53-5011.00,53,Transportation and Material Moving
937,4.113828,-15.485744,53-5021.01,53,Transportation and Material Moving
938,4.9493947,-16.186235,53-5021.02,53,Transportation and Material Moving
939,3.10562,-14.045677,53-5021.03,53,Transportation and Material Moving
940,5.4783745,-17.400066,53-5022.00,53,Transportation and Material Moving
941,-9.513636,-34.02232,53-5031.00,53,Transportation and Material Moving
942,14.839854,-20.068535,53-6011.00,53,Transportation and Material Moving
943,21.184048,-19.72404,53-6021.00,53,Transportation and Material Moving
944,-15.172845,-40.639084,53-6031.00,53,Transportation and Material Moving
945,-20.021296,-12.779073,53-6041.00,53,Transportation and Material Moving
946,-20.697966,-22.180513,53-6051.01,53,Transportation and Material Moving
947,11.980167,-30.191528,53-6051.07,53,Transportation and Material Moving
948,-19.299171,-12.864761,53-6051.08,53,Transportation and Material Moving
949,29.073378,-5.3844666,53-6061.00,53,Transportation and Material Moving
950,15.947091,-51.90766,53-7011.00,53,Transportation and Material Moving
951,11.199228,-34.009476,53-7021.00,53,Transportation and Material Moving
952,23.426685,-38.53722,53-7031.00,53,Transportation and Material Moving
953,11.848629,-34.733456,53-7032.00,53,Transportation and Material Moving
954,16.367205,-33.968616,53-7033.00,53,Transportation and Material Moving
955,21.525967,-49.17367,53-7041.00,53,Transportation and Material Moving
956,21.054918,-32.902645,53-7051.00,53,Transportation and Material Moving
957,28.885,-24.198956,53-7061.00,53,Transportation and Material Moving
958,27.73145,-36.566315,53-7062.00,53,Transportation and Material Moving
959,21.734716,-35.889606,53-7063.00,53,Transportation and Material Moving
960,28.65692,-23.248537,53-7064.00,53,Transportation and Material Moving
961,-4.223681,-31.097155,53-7071.00,53,Transportation and Material Moving
962,5.280921,-34.2992,53-7072.00,53,Transportation and Material Moving
963,-2.0211804,-34.409786,53-7073.00,53,Transportation and Material Moving
964,13.226337,-22.81055,53-7081.00,53,Transportation and Material Moving
965,30.251314,-40.098072,53-7111.00,53,Transportation and Material Moving
966,7.229539,-32.463326,53-7121.00,53,Transportation and Material Moving
